{"count":1,"self":17.994283199999998,"total":18.094649999999998,"children":{"InitializeActuators":{"count":2,"self":0.00054999999999999992,"total":0.00054999999999999992,"children":null},"InitializeSensors":{"count":2,"self":0.000627,"total":0.000627,"children":null},"AgentSendState":{"count":889,"self":0.0070919999999999993,"total":0.021876,"children":{"CollectObservations":{"count":1067,"self":0.0044399999999999995,"total":0.0044399999999999995,"children":null},"WriteActionMask":{"count":1067,"self":0.0010789999999999999,"total":0.0010789999999999999,"children":null},"RequestDecision":{"count":1067,"self":0.0092649999999999989,"total":0.0092649999999999989,"children":null}}},"DecideAction":{"count":889,"self":0.07374,"total":0.07374,"children":null},"AgentAct":{"count":889,"self":0.003189,"total":0.003189,"children":null}},"gauges":{},"metadata":{"timer_format_version":"0.1.0","start_time_seconds":"1722960925","unity_version":"2022.3.35f1","command_line_arguments":"\/Applications\/Unity\/Hub\/Editor\/2022.3.35f1\/Unity.app\/Contents\/MacOS\/Unity -projectpath \/Users\/jstrong\/Programming\/CS467\/ML-Breakout -useHub -hubIPC -cloudEnvironment production -licensingIpc LicenseClient-jstrong -hubSessionId 169024d9-a475-46d8-8dff-5f5da8ba7cdc -accessToken UtFhCg0-qN9y-pwEpvmQDeeo8yw-fXRyIka0D6q6Dw8012f","communication_protocol_version":"1.5.0","com.unity.ml-agents_version":"2.0.1","scene_name":"Beginner","end_time_seconds":"1722960943"}}