{"count":1,"self":68.9704704,"total":69.67999,"children":{"InitializeActuators":{"count":3,"self":0.00096099999999999994,"total":0.00096099999999999994,"children":null},"InitializeSensors":{"count":3,"self":0.001068,"total":0.001068,"children":null},"AgentSendState":{"count":2932,"self":0.031752999999999997,"total":0.082382,"children":{"CollectObservations":{"count":4685,"self":0.021061999999999997,"total":0.021061999999999997,"children":null},"WriteActionMask":{"count":4685,"self":0.0049369999999999995,"total":0.0049369999999999995,"children":null},"RequestDecision":{"count":4685,"self":0.02463,"total":0.02463,"children":null}}},"DecideAction":{"count":2932,"self":0.61314099999999994,"total":0.61314099999999994,"children":null},"AgentAct":{"count":2932,"self":0.011255999999999999,"total":0.011255999999999999,"children":null}},"gauges":{},"metadata":{"timer_format_version":"0.1.0","start_time_seconds":"1722189899","unity_version":"2022.3.35f1","command_line_arguments":"\/home\/jreuter\/Unity\/Hub\/Editor\/2022.3.35f1\/Editor\/Unity -projectpath \/home\/jreuter\/Desktop\/CS467\/ML-Breakout -useHub -hubIPC -cloudEnvironment production -licensingIpc LicenseClient-jreuter -hubSessionId f10d953d-5402-4a31-b57b-6d7f7206a30f -accessToken tK44sPO-xpBjQ2Yr0-yH9LHR5n-I3plOWQ75S6hEYrY001f","communication_protocol_version":"1.5.0","com.unity.ml-agents_version":"2.0.1","scene_name":"GameGenerator","end_time_seconds":"1722189969"}}