{"count":1,"self":58.601062399999996,"total":58.674308999999994,"children":{"InitializeActuators":{"count":1,"self":0.000927,"total":0.000927,"children":null},"InitializeSensors":{"count":1,"self":0.00096999999999999994,"total":0.00096999999999999994,"children":null},"AgentSendState":{"count":2703,"self":0.02383,"total":0.051421999999999995,"children":{"CollectObservations":{"count":2699,"self":0.015056,"total":0.015056,"children":null},"WriteActionMask":{"count":2699,"self":0.0042699999999999995,"total":0.0042699999999999995,"children":null},"RequestDecision":{"count":2699,"self":0.008265999999999999,"total":0.008265999999999999,"children":null}}},"DecideAction":{"count":2703,"self":0.013052999999999999,"total":0.013052999999999999,"children":null},"AgentAct":{"count":2703,"self":0.006169,"total":0.006169,"children":null}},"gauges":{},"metadata":{"timer_format_version":"0.1.0","start_time_seconds":"1722364116","unity_version":"2022.3.35f1","command_line_arguments":"\/home\/jreuter\/Unity\/Hub\/Editor\/2022.3.35f1\/Editor\/Unity -projectpath \/home\/jreuter\/Desktop\/CS467\/ML-Breakout -useHub -hubIPC -cloudEnvironment production -licensingIpc LicenseClient-jreuter -hubSessionId 48dd01fb-f6ce-4e72-b1c5-a6eee2f15087 -accessToken zPiQs8oAEOMYFtuFzP_H7AGRyssX8HKutqoNM1aA3MA001f","communication_protocol_version":"1.5.0","com.unity.ml-agents_version":"2.0.1","scene_name":"GameGenerator","end_time_seconds":"1722364175"}}