{"count":1,"self":58.360358399999996,"total":58.401503999999996,"children":{"InitializeActuators":{"count":1,"self":0.00095199999999999994,"total":0.00095199999999999994,"children":null},"InitializeSensors":{"count":1,"self":0.0010379999999999999,"total":0.0010379999999999999,"children":null},"AgentSendState":{"count":1523,"self":0.013346,"total":0.027732,"children":{"CollectObservations":{"count":1453,"self":0.007941,"total":0.007941,"children":null},"WriteActionMask":{"count":1453,"self":0.002038,"total":0.002038,"children":null},"RequestDecision":{"count":1453,"self":0.0044069999999999995,"total":0.0044069999999999995,"children":null}}},"DecideAction":{"count":1523,"self":0.0075239999999999994,"total":0.0075239999999999994,"children":null},"AgentAct":{"count":1523,"self":0.0038699999999999997,"total":0.0038699999999999997,"children":null}},"gauges":{},"metadata":{"timer_format_version":"0.1.0","start_time_seconds":"1722799193","unity_version":"2022.3.35f1","command_line_arguments":"\/home\/jreuter\/Unity\/Hub\/Editor\/2022.3.35f1\/Editor\/Unity -projectpath \/home\/jreuter\/Desktop\/CS467\/ML-Breakout -useHub -hubIPC -cloudEnvironment production -licensingIpc LicenseClient-jreuter -hubSessionId 0c1cdbb4-93f2-45d9-82f4-0c06d72291b3 -accessToken C4BYqKs8O6ZnqWd9ifaqveMQYN4k5qXaDHrCROE2PtU001f","communication_protocol_version":"1.5.0","com.unity.ml-agents_version":"2.0.1","scene_name":"GameGenerator","end_time_seconds":"1722799251"}}