{"count":1,"self":12.366363999999999,"total":12.480936,"children":{"InitializeActuators":{"count":2,"self":0.00098399999999999985,"total":0.00098399999999999985,"children":null},"InitializeSensors":{"count":2,"self":0.001041,"total":0.001041,"children":null},"AgentSendState":{"count":622,"self":0.0042309999999999995,"total":0.017189,"children":{"CollectObservations":{"count":250,"self":0.0012029999999999999,"total":0.0012029999999999999,"children":null},"WriteActionMask":{"count":250,"self":0.00036899999999999997,"total":0.00036899999999999997,"children":null},"RequestDecision":{"count":250,"self":0.011386,"total":0.011386,"children":null}}},"DecideAction":{"count":622,"self":0.091379999999999989,"total":0.091379999999999989,"children":null},"AgentAct":{"count":622,"self":0.0032689999999999998,"total":0.0032689999999999998,"children":null}},"gauges":{},"metadata":{"timer_format_version":"0.1.0","start_time_seconds":"1722105014","unity_version":"2022.3.35f1","command_line_arguments":"\/home\/jreuter\/Unity\/Hub\/Editor\/2022.3.35f1\/Editor\/Unity -projectpath \/home\/jreuter\/Desktop\/CS467\/ML-Breakout -useHub -hubIPC -cloudEnvironment production -licensingIpc LicenseClient-jreuter -hubSessionId 983cac98-3cc8-4e5e-8f4e-3743381af31e -accessToken y-1OgkHv1kEXT4LNPwIXdn1k_cxuR_q7tWyVyekYRV0001f","communication_protocol_version":"1.5.0","com.unity.ml-agents_version":"2.0.1","scene_name":"GameGenerator","end_time_seconds":"1722105027"}}