{"count":1,"self":63.778700799999996,"total":65.076444999999993,"children":{"InitializeActuators":{"count":2,"self":0.000753,"total":0.000753,"children":null},"InitializeSensors":{"count":2,"self":0.00083499999999999991,"total":0.00083499999999999991,"children":null},"AgentSendState":{"count":3251,"self":0.037433999999999995,"total":0.099382,"children":{"CollectObservations":{"count":6490,"self":0.030993999999999997,"total":0.030993999999999997,"children":null},"WriteActionMask":{"count":6490,"self":0.0075439999999999995,"total":0.0075439999999999995,"children":null},"RequestDecision":{"count":6490,"self":0.02341,"total":0.02341,"children":null}}},"DecideAction":{"count":3251,"self":1.1817389999999999,"total":1.1817389999999999,"children":null},"AgentAct":{"count":3251,"self":0.014692,"total":0.014692,"children":null}},"gauges":{},"metadata":{"timer_format_version":"0.1.0","start_time_seconds":"1723234409","unity_version":"2022.3.35f1","command_line_arguments":"\/Applications\/Unity\/Hub\/Editor\/2022.3.35f1\/Unity.app\/Contents\/MacOS\/Unity -projectpath \/Users\/jstrong\/Programming\/CS467\/Desktop -useHub -hubIPC -cloudEnvironment production -licensingIpc LicenseClient-jstrong -hubSessionId 0aabc256-1096-4476-bbc1-92417988909a -accessToken LW-aBOz4M80__XLxYPJkjCF13pzNYtZU-TJgWqrHdXQ012f","communication_protocol_version":"1.5.0","com.unity.ml-agents_version":"2.0.1","scene_name":"GameGenerator","end_time_seconds":"1723234474"}}