{"count":1,"self":46.2772544,"total":46.540707999999995,"children":{"InitializeActuators":{"count":2,"self":0.0010429999999999999,"total":0.0010429999999999999,"children":null},"InitializeSensors":{"count":2,"self":0.0011309999999999998,"total":0.0011309999999999998,"children":null},"AgentSendState":{"count":2268,"self":0.014499999999999999,"total":0.034026,"children":{"CollectObservations":{"count":908,"self":0.004367,"total":0.004367,"children":null},"WriteActionMask":{"count":908,"self":0.001109,"total":0.001109,"children":null},"RequestDecision":{"count":908,"self":0.01405,"total":0.01405,"children":null}}},"DecideAction":{"count":2268,"self":0.21318199999999998,"total":0.21318199999999998,"children":null},"AgentAct":{"count":2268,"self":0.013347999999999999,"total":0.013347999999999999,"children":null}},"gauges":{"AgentBehavior.CumulativeReward":{"count":1,"max":31.2376518,"min":31.2376518,"runningAverage":31.2376518,"value":31.2376518,"weightedAverage":31.2376518}},"metadata":{"timer_format_version":"0.1.0","start_time_seconds":"1721875046","unity_version":"2022.3.35f1","command_line_arguments":"\/home\/jreuter\/Unity\/Hub\/Editor\/2022.3.35f1\/Editor\/Unity -projectpath \/home\/jreuter\/Desktop\/CS467\/ML-Breakout -useHub -hubIPC -cloudEnvironment production -licensingIpc LicenseClient-jreuter -hubSessionId 32bf7f2f-9b80-4826-a255-adfcdb205dca -accessToken 3p_aHKD4RlloJ7ganh7TDuA4vWyg88RX2tSDuExFU9U001f","communication_protocol_version":"1.5.0","com.unity.ml-agents_version":"2.0.1","scene_name":"GameGenerator","end_time_seconds":"1721875092"}}