{"count":1,"self":104.126464,"total":104.25778799999999,"children":{"InitializeActuators":{"count":1,"self":0.00092099999999999994,"total":0.00092099999999999994,"children":null},"InitializeSensors":{"count":1,"self":0.00096999999999999994,"total":0.00096999999999999994,"children":null},"AgentSendState":{"count":5073,"self":0.044099,"total":0.092927,"children":{"CollectObservations":{"count":5066,"self":0.027483999999999998,"total":0.027483999999999998,"children":null},"WriteActionMask":{"count":5066,"self":0.0074719999999999995,"total":0.0074719999999999995,"children":null},"RequestDecision":{"count":5066,"self":0.013871999999999999,"total":0.013871999999999999,"children":null}}},"DecideAction":{"count":5073,"self":0.023982999999999997,"total":0.023982999999999997,"children":null},"AgentAct":{"count":5073,"self":0.011816,"total":0.011816,"children":null}},"gauges":{},"metadata":{"timer_format_version":"0.1.0","start_time_seconds":"1722361163","unity_version":"2022.3.35f1","command_line_arguments":"\/home\/jreuter\/Unity\/Hub\/Editor\/2022.3.35f1\/Editor\/Unity -projectpath \/home\/jreuter\/Desktop\/CS467\/ML-Breakout -useHub -hubIPC -cloudEnvironment production -licensingIpc LicenseClient-jreuter -hubSessionId 48dd01fb-f6ce-4e72-b1c5-a6eee2f15087 -accessToken zPiQs8oAEOMYFtuFzP_H7AGRyssX8HKutqoNM1aA3MA001f","communication_protocol_version":"1.5.0","com.unity.ml-agents_version":"2.0.1","scene_name":"GameGenerator","end_time_seconds":"1722361267"}}