{"count":1,"self":20.574321599999998,"total":20.634359999999997,"children":{"InitializeActuators":{"count":4,"self":0.00060799999999999993,"total":0.00060799999999999993,"children":null},"InitializeSensors":{"count":4,"self":0.00067999999999999994,"total":0.00067999999999999994,"children":null},"AgentSendState":{"count":275,"self":0.001656,"total":0.008258,"children":{"CollectObservations":{"count":110,"self":0.00047999999999999996,"total":0.00047999999999999996,"children":null},"WriteActionMask":{"count":110,"self":0.000153,"total":0.000153,"children":null},"RequestDecision":{"count":110,"self":0.0059689999999999995,"total":0.0059689999999999995,"children":null}}},"DecideAction":{"count":275,"self":0.048954,"total":0.048954,"children":null},"AgentAct":{"count":275,"self":0.0010199999999999999,"total":0.0010199999999999999,"children":null}},"gauges":{},"metadata":{"timer_format_version":"0.1.0","start_time_seconds":"1722023739","unity_version":"2022.3.35f1","command_line_arguments":"\/Applications\/Unity\/Hub\/Editor\/2022.3.35f1\/Unity.app\/Contents\/MacOS\/Unity -projectpath \/Users\/jstrong\/Programming\/CS467\/ML-Breakout -useHub -hubIPC -cloudEnvironment production -licensingIpc LicenseClient-jstrong -hubSessionId c04b1b34-b668-481c-b866-c9d5d9ca4654 -accessToken EVnTPKnQH7SVqnNuF-rH3uDYs5IHj37V8ywrev1gWM0012f","communication_protocol_version":"1.5.0","com.unity.ml-agents_version":"2.0.1","scene_name":"GameGenerator","end_time_seconds":"1722023760"}}