{"count":1,"self":3.676946,"total":3.756938,"children":{"InitializeActuators":{"count":2,"self":0.00093399999999999993,"total":0.00093399999999999993,"children":null},"InitializeSensors":{"count":2,"self":0.001114,"total":0.001114,"children":null},"AgentSendState":{"count":114,"self":0.0018419999999999999,"total":0.016005,"children":{"CollectObservations":{"count":46,"self":0.00087099999999999992,"total":0.00087099999999999992,"children":null},"WriteActionMask":{"count":46,"self":0.00017999999999999998,"total":0.00017999999999999998,"children":null},"RequestDecision":{"count":46,"self":0.013111999999999999,"total":0.013111999999999999,"children":null}}},"DecideAction":{"count":114,"self":0.059913999999999995,"total":0.059913999999999995,"children":null},"AgentAct":{"count":114,"self":0.001312,"total":0.001312,"children":null}},"gauges":{},"metadata":{"timer_format_version":"0.1.0","start_time_seconds":"1721785724","unity_version":"2022.3.35f1","command_line_arguments":"\/home\/jreuter\/Unity\/Hub\/Editor\/2022.3.35f1\/Editor\/Unity -projectpath \/home\/jreuter\/Desktop\/CS467\/ML-Breakout -useHub -hubIPC -cloudEnvironment production -licensingIpc LicenseClient-jreuter -hubSessionId 6eb98476-89a9-4d81-bfed-232d2f00bbfd -accessToken VkYWTjy3toxBxJywAb97FqCS_hn4LF8xEWEdZcb_uuw001f","communication_protocol_version":"1.5.0","com.unity.ml-agents_version":"2.0.1","scene_name":"PlayerAgentScene","end_time_seconds":"1721785728"}}